Adugo_Mato_Grosso
Diviyan_Keliya_Sri_Lanka
Mogul_Putthan_Sixteen_Pieces
Mogul_Putthan_Nineteen_Pieces
Peralikatuma_Sri_Lanka
Hewakam_Keliya_Sri_Lanka
Peg_Solitaire_English
Peg_Solitaire_European
Awithlaknakwe_Zuni
Kotu_Ellima_Sri_Lanka
Terhuchu_Angami_
Awithlaknan_Mosona_Mosona
Lau_Kata_Kati_Standard
Dash_Guti_Gupta
Egara_Guti_Gupta
Pretwa_Murray
Shi_Liu_Kan_Tsiang_Kun_Shi_Liu_Kan_Tsiang_Kun
Juroku_Musashi_Juroku_Musashi
Juroku_Musashi_Tsuboi
Yeung_Luk_Sz_Kon_Tseung_Kwan_Yeung_Luk_Sz_Kon_Tseung_Kwan
Shui_Yen_Ho-Shang_Shui_Yen_Ho-shang
Komikan_Araucania
Komikan_MapuChess
Felli_Bouhajbane
Fox_and_Geese_Thirteen_Geese_Murray
Fox_and_Geese_Seventeen_Geese
Bagh_Guti_Karwi
Bouge_Shodra_Bouge_Shodra
Musinaykahwhanmetowaywin_Musinaykahwhanmetowaywin
Ahtarah_Guti_Ahtarah_Guti
Merimueng-rimueng_Merimueng-Rimueng
Satoel_Satoel
Rimoe_Rimoe
Rimoe_Two_Rimoe
Refskak_Refskak
Dama_Philippines_Dama_Philippines
Bagh_Bandi_Bagh_Bandi
Pam_Pait_Pam_Pait
Bam_Blang_Beh_Khla_Bam_Blang_Beh_Khla
Mughal_Pathan_Mughal_Pathan
Kaua_Dorki_Kaua_Dorki
Bara_Guti_Bihar_Bara_Guti_Bihar
Orissa_Tiger_Game_One_Tiger_Orissa_Tiger_Game_One_Tiger
Lam_Pusri_Lam_Pusri
Kolowis_Awithlaknannai_Kolowis
Rimau-Rimau_One_Tiger_Rimau-Rimau_One_Tiger
Rimau-Rimau_Two_Tigers_Rimau-Rimau_Two_Tigers
Rimau-Rimau_Two_Tigers_Tigers_on_Central_Point
Dam_Singapore_Dam_Singapore
Jeu_du_Renard_et_de_la_Poule_Jeu_du_Renard_et_de_la_Poule
Renard_et_les_Poules_Renard_et_les_Poules
Renard_et_les_Poules_Orthogonal_Fox
Renard_et_les_Poules_Orthogonal_Fox_Diagonal_Capture
Uxrijn_Ever_Uxrijn_Ever
Toono_Toono
Gasetavl_Gasetavl
Gasetavl_Gedved_Gasetavl_Gedved
Dam_Hariman_Dam_Hariman
Mao_Naga_Tiger_Game_Mao_Naga_Tiger_Game
Manu_Manu
Mysore_Tiger_Game_Two_Tigers_Mysore_Tiger_Game_Two_Tigers
Padaivettu_Padaivettu
La_Yagua_La_Yagua
Shanzak_Kammar_Shanzak_Kammar
Nuktagaq_Nuktagaq
Asalto_Asalto
Yaguarete_Kora_Yaguarete_Kora
El_Zorro_El_Zorro
Hat_Diviyan_Keliya_Sri_Lanka
Merimueng-rimueng-do_Merinueng-rimueng-do
Demala_Diviyan_Keliya_Sri_Lanka
Kaooa_Central_India
Sher_Bakr_Sher-Bakr
Lam_Turki_Lam_Turki
Pentalpha_Pentalpha
Nao_Gutiya_Baithaneka_Nao_Gutiya_Baithaneka
Mysore_Tiger_Game_Mysore_Tiger_Game
Mysore_Tiger_Game_Three_Tigers_Mysore_Tiger_Game_Three_Tigers
Huli-Mane_Ata_Huli-Mane_Ata
Pulijudamu_Pulijudamu
Jiu_Zi_Xian_Qi_Jiu_Zi_Xian_Qi